课程名字,课程链接
C#/.Net Core/架构师/分布式/跨平台/微服务,https://ke.qq.com/course/453197
汇编x86x64游戏内存封包实战注入脚本lua辅助开发反调试过检测,https://ke.qq.com/course/3295269
马哥Go语言高并发/微服务/云原生/golang/DevOps入门到精通,https://ke.qq.com/course/3031051
WPF+上位机(工控/运动控制/机器视觉/物联网/PLC/OPC/Modbus/MQTT,https://ke.qq.com/course/2869990
C/C++项目实战/C++11/14/17/20/linux内核源码/qt/mfc/数据结构,https://ke.qq.com/course/444655
.NET5入门到精通|实战|源码|框架|调优【升职加薪，只争朝夕】,https://ke.qq.com/course/465090
C/C++Linux服务器开发/后台架构师【零声教育】,https://ke.qq.com/course/417774
Sql+Winform实战学习体验课+微zhaoxi066领取资料,https://ke.qq.com/course/459368
PHP8 +HTML5+Bootstrap+MySQL+redis+大数据大并发处理,https://ke.qq.com/course/340117
C#上位机/WPF/视觉/Modbus/PLC/OPC/MQTT/CAN/运动控制岗位通识课,https://ke.qq.com/course/301616
PHP企业级开发-零基础高薪精英课程,https://ke.qq.com/course/266592
朝夕.NET学院SVIP【升职加薪，只争朝夕！】,
C#/.NET上位机Modbus通讯从入门到项目实战,https://ke.qq.com/course/5847045
Linux内核源码/内存调优/文件系统/进程管理/设备驱动/网络协议栈,https://ke.qq.com/course/4032547
PHP7/Python/WEB前端/MySQL/TP6/redis/微信小程序/网站全栈开发,https://ke.qq.com/course/3131702
【免费】FFmpeg/WebRTC/RTMP/NDK/Android音视频流媒体高级开发,https://ke.qq.com/course/3202131
C#/.Net/.NET Core全栈手写体验课【升职加薪 只争朝夕】,https://ke.qq.com/course/462921
Golang  DevOps项目实战【零声学院】,https://ke.qq.com/course/422970
AutoCAD/C#二次开发零基础到项目实战,https://ke.qq.com/course/452802
马哥高端Go语言百万并发高薪班/微服务/分布式高可用/Go高并发,https://ke.qq.com/course/406096
OpenCV视觉处理从入门到精通,https://ke.qq.com/course/381993
小白学C#上位机从零基础到项目实战,https://ke.qq.com/course/5837494
C/C++零基础入门到高薪就业(后台开发/QT/服务器/音视频/架构师),https://ke.qq.com/course/381971
Go/GoWeb实战进阶/微服务/高并发从入门到精通【马士兵教育】,https://ke.qq.com/course/3294685
WPF进阶+工控上位机【升职加薪，只争朝夕】加zhaoxi066领取资料,https://ke.qq.com/course/2869986
PLC应用之零基础入门课程【新阁教育】,https://ke.qq.com/course/2869264
WPF从入门到精通(控件|MVVM|实战|发布)+微信zhaoxi066领取资料,https://ke.qq.com/course/2869772
Go/Golang/PHP微服务/分布式/协程/区块链入门到架构【六星教育】,https://ke.qq.com/course/441646
C#/.Net架构师GOF23种设计模式+设计模式六大原则+UML类图 体验课,https://ke.qq.com/course/456617
.NET/C#上位机/WPF/视觉/Modbus/PLC/OPC/MQTT/CAN/运动控制,https://ke.qq.com/course/340304
C语言/C++安全工程师合集,
C#从基础快速实战项目【上位机/WPF/Web上位机/移动端上位机】,https://ke.qq.com/course/60266
.NET5网站开发必备Filter+JWT鉴权授权,https://ke.qq.com/course/3171219
C#/.NET上位机零基础入门课程（抖音专享）,https://ke.qq.com/course/3384476
零基础入门VR/AR(C#+Unity3D)【升职加薪，只争朝夕】,https://ke.qq.com/course/3170235
C/C++/数据结构算法/游戏开发/MFC/Qt/Windows编程/Linux服务器,https://ke.qq.com/course/475002
SqlServer全知识点解析【领取学习资料和课表+微信zhaoxi066】,https://ke.qq.com/course/463062
C语言/C++ 大神精讲(C++17标准/软件安全/实战分析/商业项目),https://ke.qq.com/course/457935
C#/.Net开发进阶【高级编程/框架进阶/设计优化】,https://ke.qq.com/course/459393
C语言/C++ 零基础到大神(C++17/后台开发/QT/服务器/音视频/架构),https://ke.qq.com/course/451126
C#/.NET全栈/Core/BS/CS/上位机/WPF/WCF/MVC/分布式,https://ke.qq.com/course/59064
C/C++从零到全栈大神系列课,
.NET/C#上位机智能框架VIP课程【新阁教育】,https://ke.qq.com/course/5478925
【新鲜出炉】零基础入门.NET6跨平台开发,https://ke.qq.com/course/4159280
C#/.NET上位机实战案例项目课,https://ke.qq.com/course/3941863
渗透测试工程师/WEB/入侵/安全服务/开发/PHP/编程/CTF,https://ke.qq.com/course/3062311
PLC应用之项目实战课程【新阁教育】,https://ke.qq.com/course/2869270
C#/.NET 手写Modbus通信库【新阁教育】,https://ke.qq.com/course/2837282
.NET Core+微服务架构实操落地【源码加微信zhaoxi005】,https://ke.qq.com/course/2768929
C#/.Net6编程入门到精通体验课(mvc/vue/winform/sql/上位机/dev),https://ke.qq.com/course/422244
VB/C#/.Net/全栈班体验(零基础/直播/录播),https://ke.qq.com/course/2263230
Go语言/go语言/golang/Golang/区块链/微服务/语言开发高级工程师,https://ke.qq.com/course/109110
C#/.NET上位机快速入门系列课程【新阁教育】,https://ke.qq.com/course/2962966
深入浅出ABP.vNext框架,https://ke.qq.com/course/2962533
MQTT+OPCUA  工业数据快速上云【新阁教育】,https://ke.qq.com/course/2837328
.NetCoreRabbitMQ实战【升职加薪，只争朝夕】,https://ke.qq.com/course/2869573
西门子开放式TCP实战应用【新阁教育】,https://ke.qq.com/course/2837301
Web网站开发(Mvc5/Asp.Net/webapi/ef/vue/jquery/前端/C#/.Net),https://ke.qq.com/course/1239885
C#/.NET OPC底层原理分析   【新阁教育】,https://ke.qq.com/course/2837286
C#/.Net全栈班体验课(语法解析+多实战),https://ke.qq.com/course/465037
C#/.Net编程零基础到精通(MVC5/Winform/DEV/Sql/上位机/WPF/WCF),https://ke.qq.com/course/420992
长沙医学院本科计算机课程,
.NET5｜Core｜C#｜ABP+DDD+微服务框架+多租户全网独家落地实战,https://ke.qq.com/course/3383748
C++经典必学语法基础,https://ke.qq.com/course/5818260
.NET5｜C#｜数据结构算法,https://ke.qq.com/course/3381249
WPF工控上位机开发【新阁教育】,https://ke.qq.com/course/2961830
.NetCore手写ORM【升职加薪，只争朝夕！】源码加微信：ZhaoXi005,https://ke.qq.com/course/2869760
.NetCore3.1跨平台与微服务架构,https://ke.qq.com/course/1524645
EntityFrameworkCore进阶【 升职加薪，只争朝夕】,https://ke.qq.com/course/2869578
【真干货】西门子1200编程实战到底,https://ke.qq.com/course/411937
揭秘Redis前世今生【升职加薪，只争朝夕】,https://ke.qq.com/course/2677085
Develop On Azure【Microservice Architect】源码加微ZhaoXi005,https://ke.qq.com/course/465093
.NET6微服务架构实践【升职加薪，只争朝夕】,https://ke.qq.com/course/4164794
C#/.NETCore 分布式微服务/架构设计跨平台,https://ke.qq.com/course/4093271
学校管理系统项目案例(C#/.NET/SqlServer),https://ke.qq.com/course/4092554
【最新】JAVA高级进阶架构VIP班【升职加薪，只争朝夕】,https://ke.qq.com/course/3453278
C#/.NET联合WinCC实现语音播报【新阁教育】,https://ke.qq.com/course/2837303
.Net5 抢鲜实战【源码加微信zhaoxi005】,https://ke.qq.com/course/2026579
S7.NET及Snap7源码剖析【新阁教育】,https://ke.qq.com/course/2837291
Rock带你-零基础学习C语言/C++语言【奇牛学院】,https://ke.qq.com/course/379296
通信专题-基于C#实现TCP调试工具,https://ke.qq.com/course/2025066
C语言/C++ 零基础到年薪30万,https://ke.qq.com/course/377567
.NET6开发【多线程最佳实践+双色球开发实战】,https://ke.qq.com/course/4164805
针对新手 PHP零基础七天入门教程（大学生毕业设计知识教学视频）,https://ke.qq.com/course/3550984
.NET6下高性能ORM框架-SqlSugar揭秘【升职加薪，只争朝夕】,https://ke.qq.com/course/4164801
.NET5｜Core｜C#｜MongoDB打造亿级数据库落地方案,https://ke.qq.com/course/3417416
.NET6成就高性能WebApi【升职加薪，只争朝夕】,https://ke.qq.com/course/4164798
C/C++/数据结构算法/游戏开发/MFC/Qt/Windows编程/Linux服务器,https://ke.qq.com/course/2993355
C# .NET 完全零基础入门精讲,https://ke.qq.com/course/399957
C++与人工智能,https://ke.qq.com/course/379002
C#/.NET全栈开发高级VIP班【新阁教育】,https://ke.qq.com/course/59314
Linux C++项目合集-急速提升项目代码开发实践能力,
.NET6手写IOC容器【升职加薪，只争朝夕】,https://ke.qq.com/course/4164333
.NET千万级分布式文件系统MinIO实战课,https://ke.qq.com/course/3485463
DDD领域驱动设计，ABPvNext框架最佳实践,https://ke.qq.com/course/4163429
微信小程序商城 毕业设计课题选题题目项目 毕设源码 演示教程,https://ke.qq.com/course/3419421
.NET5｜Core｜C#｜Dapr框架实战训练,https://ke.qq.com/course/3415723
异步消息队列RabbitMQ揭秘【升职加薪，只争朝夕】,https://ke.qq.com/course/2647258
.NET5｜C#｜redis消息队列/订阅发布/分布式锁/集训,https://ke.qq.com/course/3381276
经典编程语言C++入门篇-大神MJ精选,https://ke.qq.com/course/442889
跟着王进老师学开发之C#篇第五季：图书管理系统,https://ke.qq.com/course/264916
周哥教IT.C语言深学活用,https://ke.qq.com/course/242707
C#/.NET上位机/运动控制/机器视觉/工控学习入门训练营,https://ke.qq.com/course/5551980
.NET5全Linux平台开发 轻松落地10W并发（最新录制）,https://ke.qq.com/course/4164518
C/C++开发公开课-剖析语言核心重点-开发岗笔试面试常见问题,https://ke.qq.com/course/3853699
高并发秒杀系统的设计与落地（最新录制）,https://ke.qq.com/course/4164514
php全栈开发之vue/uniapp介绍安装以及基本使用,https://ke.qq.com/course/3486285
从零玩转RabbitMQ(多种工作模式、集群搭建),https://ke.qq.com/course/4164497
.NET5｜C#｜ABP Vnext精品实战,https://ke.qq.com/course/3381269
.NET跨平台专属Linux私房课【升职加薪，只争朝夕】,https://ke.qq.com/course/3853023
音视频开发_C++程序员的黄金方向,https://ke.qq.com/course/3203156
一网打尽编程语言Java/C/C++/Python/Go初学必看全家桶（C语言）,https://ke.qq.com/course/1185759
使用Gin+Gorm+Vue3+ArcoDesign打造轻量级Markdown博客系统,https://ke.qq.com/course/5829839
.NET6开发/面向切面编程/Filter【升职加薪，只争朝夕】,https://ke.qq.com/course/4164808
C++ 11 14 17 20内存管理公开课,https://ke.qq.com/course/3617672
GoF23种设计模式串讲，抓住核心套路,https://ke.qq.com/course/4164121
C++ 工程师 成才之路-5G、物联网和人工智能时代,https://ke.qq.com/course/3416139
明解C语言入门篇2020,https://ke.qq.com/course/3099164
SAP 经典入门培训课程合集,https://ke.qq.com/course/447604
SQLServer数据库基础教程,https://ke.qq.com/course/285479
周哥教IT.C/C++逆向基础课包,
吕鑫：VC++就业培训宝典（最博大精深的MFC视频教程）,https://ke.qq.com/course/6149
【新鲜出炉】.NET6跨平台开发从入门到实战全集,https://ke.qq.com/course/4159979
leetcode算法刷题讲解,https://ke.qq.com/course/3766981
基于php和mysql的校园新闻信息发布管理系统 毕设源码 演示教程,https://ke.qq.com/course/3419424
.NET5｜Core｜C#｜.NET6+工厂模式手写IOC源码,https://ke.qq.com/course/3417422
通信专题-基于C#实现TCP调试工具,https://ke.qq.com/course/2768355
.NET｜C#｜IdentityServer4权限认证,https://ke.qq.com/course/3168916
FFmpeg 从基础实战-多路H265监控录放开发 公开课,https://ke.qq.com/course/2027387
.NET｜C#｜Redis终极训练营【奕鼎通教育】,https://ke.qq.com/course/3062673
零基础入门PHP之html以及css基础到实战,https://ke.qq.com/course/481225
PHP开发入门基础/web前端/MySQL/模板引擎/框架,https://ke.qq.com/course/123216
基于PHP的学校校园学生信息管理系统 毕业设计毕设源码 演示教程,https://ke.qq.com/course/3455643
0.嵌入式基础预科―0.3嵌入式Linux C语言完全学习视频课程,https://ke.qq.com/course/3449503
windows10和windows7下搭建PHP开发环境（包含软件下载）,https://ke.qq.com/course/3418393
.NET｜C#｜ABP vNext框架项目实战【源码加微信15671665375】,https://ke.qq.com/course/3169367
WPF+上位机+工业互联高薪VIP班(PLC/S7/运动控制/机器视觉/物联网,https://ke.qq.com/course/2959515
.NET｜C#｜Azure云开发+.NET5应用架构亿级流量终极方案,https://ke.qq.com/course/3135844
golang基础教程-快速入门go语言,https://ke.qq.com/course/2585401
逆向工程师养成/驱动开发/黑客技术/病毒分析/反外挂/无痕HOOK,https://ke.qq.com/course/2263494
十天学会PHP（2020年第七版）,https://ke.qq.com/course/2025402
C语言/C++ 零基础直达开发工程师岗位,
QT5/QSS/QML/C/C++/1X/STL基础自学视频课程教程,https://ke.qq.com/course/3999106
.NET5｜Core｜C#｜微服务面试专题,https://ke.qq.com/course/3383744
.NET｜C#｜设计模式角度手写.NET Core源码,https://ke.qq.com/course/3062686
Windows驱动开发系列之一：小白入门经典,https://ke.qq.com/course/2993451
深入浅出西门子S7-1200 PLC之换热站工程 适合新手零基础入门,https://ke.qq.com/course/2320682
Go 语言入门 【51Reboot 教育】,https://ke.qq.com/course/803805
IIS下集成PHP开发环境搭建和商城系统发布-含mysql、navicat安装,https://ke.qq.com/course/479057
VR/AR/游戏――Unity3D之Unity引擎基础,https://ke.qq.com/course/324696
C语言C++数据结构经典教程,https://ke.qq.com/course/316599
基于.NET三层+高级SQL开发图书借阅系统,https://ke.qq.com/course/110807
matlab软件从安装到使用到编程讲解，让小白轻松入门,https://ke.qq.com/course/3677246
餐厅食堂外卖点餐小程序 毕业设计课题选题项目毕设源码演示教程,https://ke.qq.com/course/3418656
.NET5｜C#｜架构面试合集,https://ke.qq.com/course/3381261
C#Halcon与LabVIEW视觉控制演示,https://ke.qq.com/course/3171783
.NET5｜C#｜高并发实战系列,https://ke.qq.com/course/3381256
嵌入式（物联网）C/C++入门到进阶C语言入门基础课程【狄泰软件】,https://ke.qq.com/course/3045813
.NET5｜C#｜云开发入门到实战,https://ke.qq.com/course/3381252
workerman/swoole安装使用入门,https://ke.qq.com/course/2836123
新阁教育C#上位机精品课程,https://ke.qq.com/course/455819
编程设计锦囊+Linux私房课，.NET跨平台进阶必备,
Nginx+.NET5千万级秒杀抢购系统实战,https://ke.qq.com/course/3485460
sql语法入门 mysql语法入门（新手入门）,https://ke.qq.com/course/3096535
.NET5｜C#｜Docker+K8s实战合集,https://ke.qq.com/course/3381280
GIS程序设计――组件式GIS开发实战,https://ke.qq.com/course/2807632
.NET Core微服务架构实战,https://ke.qq.com/course/3062632
grafana入门教程,https://ke.qq.com/course/2647598
宝塔下安装CRMEB系统,https://ke.qq.com/course/458920
C#基础入门,https://ke.qq.com/course/262828
Winform+WPF+上位机+工业互联，零基础入门到实战进阶,
2022定制班,
.NET5｜C#｜高频面试题,https://ke.qq.com/course/3381422
最新Go-Web开发-项目实战-书城项目,https://ke.qq.com/course/3028246
.NET5｜C#｜微服务实战落地,https://ke.qq.com/course/3381364
西门子S7-1200PLC的modbus通讯,https://ke.qq.com/course/2087517
C#从基础到面向对象(精讲),https://ke.qq.com/course/1586556
易语言速成班,https://ke.qq.com/course/447668
16位汇编语言程序设计,https://ke.qq.com/course/433547
PHP实践之路-基础增强篇,https://ke.qq.com/course/310872
C/C++零基础到年薪30万全栈工程师【直播+录播】,
Windows驱动开发,
基于php和mysql的网上购物商城系统 毕业设计毕设源码 演示教程,https://ke.qq.com/course/3419423
.NET5｜C#｜负载均衡算法,https://ke.qq.com/course/3381310
ABP.vNext框架精研VIP班【升职加薪，只争朝夕】,https://ke.qq.com/course/2962503
.NET5｜C#｜源码深入剖析,https://ke.qq.com/course/3381242
PHP零基础/web前端/MySQL/项目实战/Thinkphp框架【微课时代】,https://ke.qq.com/course/2868954
.NET/C#架构师/高级开发/Core/微服务/分布式/高并发,https://ke.qq.com/course/3028443
从零到C/C++/Python全栈大佬,https://ke.qq.com/course/1588818
异步处理――不刷新页面请求数据,https://ke.qq.com/course/452771
网络小说抓取软件的设计与研发――来自企业开发实践经验,https://ke.qq.com/course/413751
.NET数据库开发项目实战,
C语言程序设计（C Primer Plus 第一部分）,https://ke.qq.com/course/3707323
Help里找不到的Simulink技巧,https://ke.qq.com/course/3454974
大学计算机（哈工大－威海）,https://ke.qq.com/course/2995763
C#/.Net高级架构师SQLServer数据库三范式设计及性能优化与管理,https://ke.qq.com/course/2292292
零基础入门C#脚本开发,https://ke.qq.com/course/370460
前端模拟面试集锦,https://ke.qq.com/course/363663
MATLAB初学者入门教学视频：MATLAB简介和给初学者的建议（免费）,https://ke.qq.com/course/340822
易语言编程之菜鸟腾飞,https://ke.qq.com/course/310164
朝夕Web前端学院SVIP【升职加薪，只争朝夕】,
易道云学院正向项目课程集合,
Windows API快速入门,https://ke.qq.com/course/5818348
上位机/数据库/运动控制/机器视觉/基础实战课,https://ke.qq.com/course/5553608
微信二手跳蚤信息发布小程序  毕业设计毕设源码演示教程,https://ke.qq.com/course/3418669
c++实战加解密文件-基于openssl公开课,https://ke.qq.com/course/3064983
医院预约挂号小程序 毕业设计课题选题题目作品 毕设源码演示教程,https://ke.qq.com/course/3418666
第二季 ThinkPHP5简易商城入门,https://ke.qq.com/course/2930733
学校校园教室图书馆座位预约小程序  毕设选题课题 源码演示教程,https://ke.qq.com/course/3418662
ThinkPHP5商城qq登录接口,https://ke.qq.com/course/2930732
SAP培训 FICO模块/账务模块 经典入门培训课程,https://ke.qq.com/course/446752
Go语言-LollipopGo开源游戏服务器架构,https://ke.qq.com/course/364199
刷题答题 在线考试小程序 毕业设计题目课题选题毕设源码演示教程,https://ke.qq.com/course/3418674
Go语言打造P2P网络,https://ke.qq.com/course/2739452
学校校园教室预约管理小程序 毕业设计课题选题毕设源码演示教程,https://ke.qq.com/course/3418670
PHP实战从零开始构建文件上传类,https://ke.qq.com/course/482512
PHP会话管理cookie以及session详解,https://ke.qq.com/course/481220
Linux安装宝塔面板 阿里云腾讯云,https://ke.qq.com/course/476128
【薪选T9】C#/.NET架构师蜕变营VIP班,https://ke.qq.com/course/456926
CRMEB小程序配置与调试,https://ke.qq.com/course/458894
大E老师GO语言详解①：GO语言入门详解,https://ke.qq.com/course/407226
C语言零基础入门篇,https://ke.qq.com/course/350005
基于PHP+MYSQL在线考试系统网站 毕业设计毕设源码 演示教程,https://ke.qq.com/course/3486646
CRMEB3小程序授权补丁，昵称显示微信用户问题,https://ke.qq.com/course/3419707
图书书籍在线电子书阅读小程序 毕业设计选题课题作品演示教程,https://ke.qq.com/course/3418673
